년,월,설화명곡,화원,대곡,진천,월배,상인,월촌,송현,서부정류장,대명,안지랑,현충로,영대병원,교대,명덕1,반월당1,중앙로,대구역,칠성시장,신천,동대구역,동구청,아양교,동촌,해안,방촌,용계,율하,신기,반야월,각산,안심,문양,다사,대실,강창,계명대,성서산업단지,이곡,용산,죽전,감삼,두류,내당,반고개,청라언덕2,반월당2,경대병원,대구은행,범어,수성구청,만촌,담티,연호,대공원,고산,신매,사월,정평,임당,영남대,칠곡경대병원,학정,팔거,동천,칠곡운암,구암,태전,매천,매천시장,팔달,공단,만평,팔달시장,원대,북구청,달성공원,서문시장,청라언덕3,남산,명덕3,건들바위,대봉교,수성시장,수성구민운동장,어린이세상,황금,수성못,지산,범물,용지
2020,1,119389,120898,193324,209609,139227,385826,141510,124273,286301,164245,141687,116952,187005,110535,122445,432694,626224,278973,161113,151851,581411,107285,149039,68991,81958,104173,55679,141971,119484,74230,128261,167013,79462,71291,195224,175043,171549,164748,114973,236988,167992,209136,233962,133726,121433,140132,740376,214788,176916,232654,149254,112738,82380,17605,13960,76878,200797,120993,126310,86393,181658,36102,9089,141264,58579,116360,61110,67112,60366,45826,37249,34501,53557,78766,43635,110601,49223,197888,48671,88309,76840,38148,85560,84514,58339,35018,95415,73379,66766,120632,69568
2020,2,81946,80926,130928,141104,94832,251010,96474,87438,184438,104300,94099,80390,125749,76741,82846,269788,379981,167842,101018,103786,337050,76888,101410,48676,56905,71413,38533,98202,84996,53134,87479,112638,57136,50676,136279,123065,119636,119557,80394,158325,117025,142401,159509,96977,87784,90301,456809,150115,123330,160606,99649,75322,56404,12747,10437,52163,132907,81753,85725,57855,120921,25318,5984,95652,40463,80428,42254,46753,41502,31478,27061,27405,36499,54304,31998,78870,34393,112483,35165,61755,52798,26524,58396,59123,40122,23545,66812,48818,46401,83839,48537
2020,3,44688,41134,66332,74582,47668,121209,51409,49220,91716,31132,51801,42424,64117,41214,38806,112605,137968,86297,60824,53790,129142,43440,57106,29814,29667,40196,20904,55304,47421,29712,43776,57586,37401,29446,72116,80018,71594,72855,47898,81625,66212,84082,90400,59043,52994,50909,188206,81523,65442,83236,47286,35296,25258,6900,6424,26565,64380,38361,44143,29207,62886,15564,3525,48017,22338,47292,24216,26983,24920,18592,16848,17976,20945,34432,19799,46392,21251,57237,20792,34958,29859,14113,32821,31832,21075,14059,35517,35718,23588,47728,28697
2020,4,63528,62618,98571,106246,69767,183223,73692,67934,136765,46056,74472,58817,88080,55254,60277,183484,229212,135395,88494,76699,213969,58665,78113,39808,41678,54704,30194,74601,65558,40784,63062,84040,51957,39709,99239,100412,93790,93183,64719,116393,90118,114560,125946,77562,69492,80080,320266,115055,92401,119278,72449,52997,38424,10032,8813,38046,97352,56967,64525,43885,93100,21556,5335,70985,31623,66836,34060,37473,34744,27173,22068,21108,27607,47653,26137,63065,28357,109689,28951,48946,41491,20158,45970,44883,29984,19393,49919,48677,34336,67273,38627
2020,5,84823,83373,131533,141654,92254,251337,100777,87292,192862,63612,100021,78812,122945,76306,84647,262435,329448,184087,115961,102065,323329,76188,105021,50626,55278,71795,41208,97653,85985,53921,86469,114774,69707,51857,134600,123480,125635,114841,85715,155590,117425,149904,162069,98805,88727,113128,447847,149060,120734,154871,100007,75111,56483,13514,11370,51705,131529,76731,87678,59865,127999,26721,7761,98038,42743,87636,45567,49507,46344,35167,28521,24107,35157,60805,32917,83230,36919,184934,36557,68893,56983,29388,63356,60724,41992,25096,66804,60340,48311,90766,49171
2020,6,92581,92858,143283,155612,101610,271877,113863,94063,201461,68415,107658,84710,136183,88869,97873,277860,343463,190468,120209,116786,344218,83983,114890,55206,61840,77040,45476,106250,93721,58164,96815,133573,71646,57058,150606,143621,143677,126288,91716,174868,126600,165903,174400,107346,100157,118014,461218,166093,136997,175963,110410,81518,68797,15582,13043,57588,145745,86417,94651,66624,139220,29126,8552,105972,47177,94480,50631,52221,50757,36869,30285,27304,37006,64421,35456,91677,37414,181116,39928,83630,66682,31363,68632,66179,45508,26760,72111,59329,51880,97974,52316
2020,7,99347,99316,155390,170469,110489,299847,122294,101166,214575,71892,114400,90036,140666,95885,103501,312491,398313,199994,129350,123043,395721,88425,122076,57575,66308,81105,49032,115236,99304,62714,105494,140349,73923,61837,164350,147786,145691,135531,98502,189050,137999,175591,186356,113861,104471,119929,525821,183484,150413,190195,121176,90335,73436,16116,16009,63282,158052,95736,102513,72148,145880,31655,8287,116216,51333,100736,52357,55646,54870,37788,32613,30445,39687,66502,37368,97581,39888,174217,43021,89202,71236,33688,72057,69863,48926,28502,76748,63516,55789,103701,54820
2020,8,93072,91227,142387,154674,101420,275546,109758,94124,200746,65721,103147,80995,123247,85661,92876,298802,392971,190515,117733,109510,383887,79143,111278,51306,60624,74341,44818,108198,90906,57086,95735,125573,73459,54120,148664,132410,128394,120071,86897,171165,123581,156224,166916,102849,91885,103319,491241,158616,133307,167773,110314,82378,63093,13925,15927,55972,141631,86613,93297,66306,137534,28375,8021,107705,44980,92097,47639,51597,49214,34180,28902,27196,36059,62467,33779,86999,36225,152419,37623,77710,61654,29472,65351,63056,42837,26226,69903,56650,50456,95582,53245
2020,9,88117,92786,138603,151390,99908,264173,110031,91585,203747,65373,103436,80909,126386,83115,92125,257999,328365,191884,128749,107027,319004,79062,106571,51216,61138,73095,43391,102367,92408,56878,93006,131035,70205,56182,150099,138079,140099,120972,87750,167068,121829,161431,163887,104209,94178,115005,444684,158525,136858,167845,112006,83661,68435,14329,13225,55966,142598,85789,92485,66906,162623,26206,7484,105322,46113,92093,51177,53245,50713,36950,29144,30003,36612,67258,33874,87526,37947,158941,38856,79330,63864,29237,66949,64555,43134,26398,70110,57861,50172,94289,51381
2020,10,98932,101014,157694,166830,110536,297170,120792,99588,221661,71200,116454,89881,146936,94609,101813,297224,392940,203798,123956,121681,400820,87840,128187,59705,68147,81358,50161,115640,100046,64042,104036,160308,80066,61450,167914,153942,168702,135426,95874,186893,135475,173470,189936,112649,102801,122002,518651,176130,147805,181578,121618,91298,78108,16208,18262,63992,158889,95475,103683,77710,176679,29512,9065,116051,51930,101939,61640,59331,55519,39171,32223,33279,40429,66546,37143,97577,41591,172986,43922,89983,69836,32895,72678,69133,47329,29462,76897,69585,55717,103485,55917
2020,11,101744,102643,161405,171841,114961,304039,124603,101816,225165,72805,120177,93346,157818,99349,106526,306943,395101,208675,130451,129893,409002,90754,131094,60453,69710,83223,50611,117768,105273,66684,108050,165240,73217,63608,169467,155359,173400,137990,100516,192794,139909,178425,185631,115637,104919,124835,531769,184971,153700,193340,127812,95451,81037,16245,16526,66390,162297,99936,104743,79302,180558,29950,8578,114404,52313,103860,64728,61151,56069,40773,32703,31567,41200,68057,37380,100200,42223,170429,46460,93010,70888,34455,73811,72794,48339,30180,78411,65035,56597,103931,57860
2020,12,88518,89490,138486,152055,102664,264846,110031,93786,195345,67091,106671,84295,135282,84069,89289,258387,321472,177911,114180,115908,321524,80565,111985,53180,60849,74965,43692,105477,94718,58274,95272,126630,56200,52670,142067,142169,149080,125125,88021,163361,125815,159761,158751,105815,94328,108249,441095,164065,138393,175869,112040,82187,66889,13680,13258,57937,143098,88540,93601,67803,132311,25848,7526,100919,45843,92596,54137,53317,49888,37017,29942,30597,37653,61877,34554,89563,36937,148965,40235,80316,61630,30651,64667,64805,42390,26234,72162,57462,49241,94237,52448
2021,1,80558,82046,128719,141981,96011,243715,97114,87203,183435,64380,97823,76976,113284,76203,80867,259332,318174,173074,107409,102847,313623,71333,98849,47612,53452,67504,38191,96116,81830,50366,84460,109644,54930,49746,134289,125501,122645,116714,80757,148870,117610,145899,148073,98592,86394,103230,435148,151574,125072,165451,108672,77249,55935,11873,11478,52772,132283,82811,90086,61365,120829,23898,6885,94478,42760,86775,46772,49083,45128,35679,28057,28437,34634,58840,31485,81754,31565,139557,35530,65999,54815,27060,59807,57675,38489,23760,64456,49671,44411,85694,46818
2021,2,83113,82397,130343,142254,94901,251407,96390,85463,189887,63545,97110,77283,111175,75261,78469,272493,350871,172252,107723,101575,351815,69293,101099,49152,52867,68234,38538,95480,82988,50943,83666,110318,58268,50251,136565,122169,121643,115050,81161,148662,116165,144972,150626,96497,83830,99067,464615,150546,124401,160272,106292,76405,57815,12299,11339,54524,132588,81750,89807,61045,121170,24207,6609,91531,41647,83849,43789,47538,44266,33771,26891,26088,34471,58348,30598,80969,34265,129710,35532,64481,52698,27432,59951,57813,38301,23508,64642,55150,45589,85222,47091
2021,3,107163,107076,162851,176400,120127,310592,130589,105797,226769,78081,126151,99110,160895,103745,104881,312108,388259,210623,128604,134803,402839,89900,134851,65810,66631,85010,50799,119559,103531,67530,107645,166052,79766,64849,172275,168544,189739,141805,103960,189713,140917,187277,198842,118738,109913,130776,525519,190858,158653,203085,134089,97880,89317,16654,15385,68805,167668,104610,112490,83299,197307,32325,9867,114702,54674,106001,67730,61988,57155,41790,34269,31925,41290,70862,38622,103387,41243,172259,47021,100104,75554,34416,75995,75442,48625,30183,82001,73487,58575,107877,59326
2021,4,107335,107250,160848,174419,119411,303592,130691,104378,224070,77499,123398,97173,156077,103343,102446,297439,371040,209213,128194,132332,398901,88588,131742,62190,66355,85214,50300,116784,101932,66480,105962,167388,77713,64583,171084,165676,187681,139159,101877,189916,139546,183721,192224,117823,110825,128142,501194,188705,158464,200166,129374,96777,87126,17624,25401,68731,164147,102285,110735,81783,203217,31395,9735,115259,53805,105434,60011,60958,56716,41225,34094,30988,40395,69358,38485,102653,42331,172412,46836,98303,74055,33136,74601,75072,48389,30208,80409,68751,58300,106141,60164
2021,5,106069,103777,160978,173501,117213,301862,125600,103307,223904,79490,121593,96369,151946,98049,102295,306050,405212,207088,126542,128608,428904,86429,129364,61488,66699,84510,48481,118041,101177,67399,105972,163407,75735,62958,170768,154773,166903,135364,101851,188681,136759,179377,190664,115623,105025,123991,522989,183566,153235,191460,125770,94472,82186,16820,36974,66545,161455,100415,113830,81123,202852,31552,9053,118581,53255,104083,61467,60858,56224,40410,33353,30457,39953,68205,37147,100838,43178,171856,45437,92173,71935,33456,74381,72971,46079,29965,78146,69456,56751,105652,59552
2021,6,103509,101079,155934,170925,113980,290021,124782,101057,213628,76515,118156,92814,139631,98167,100029,287269,364199,197501,121127,126489,392739,83718,125416,59021,65248,82434,49628,115379,100514,67132,104455,155180,72975,63948,168131,163284,165678,134010,98579,185511,132892,179413,182781,114649,106434,123676,476960,185281,154135,193097,126816,93097,79526,16986,25946,65808,157537,101239,115642,80510,174517,30736,9822,112999,53817,103937,57803,59364,55251,40390,32890,30891,39087,67382,37049,100402,41324,172003,44897,94508,71555,31865,73772,72540,46424,28554,77230,63272,54923,103360,59617
2021,7,102066,98167,150739,165011,111237,288024,118730,99981,205566,78533,112908,88356,126696,91627,96924,295614,380166,189997,118684,121509,383130,79624,121957,56159,62875,82792,46971,116390,97727,64861,101529,136605,72559,61412,161763,147573,141579,131607,94361,180803,130688,173212,176557,113236,102027,113336,475661,178605,149249,190120,126383,86963,71565,16084,19986,64332,154290,99101,113768,75547,143772,31065,8196,114695,50154,100919,51628,56744,53257,37747,31642,29883,37994,66219,36430,98098,40862,161634,42727,84680,67113,31941,72425,70448,44266,27793,76317,61292,53881,103010,59820
2021,8,93934,90586,138671,152880,103107,262584,108528,93648,193944,72722,105237,82722,116761,87067,88478,270027,346089,178385,112513,111925,365665,74961,112458,52681,58129,78781,43023,106684,91466,59116,95517,128952,69560,56246,150316,137721,130338,118191,85321,160817,119370,159056,160646,103880,93414,100365,425549,164275,135385,172046,115623,81227,66510,14478,19317,58181,139735,90640,104379,69792,133549,28618,7064,103050,45114,93328,47000,52148,49161,34386,28591,27428,35622,62701,33198,88295,39157,132389,39604,77845,62319,29488,66549,63976,41337,25491,71307,56736,49461,96255,55912
2021,9,98065,96950,146916,162445,107537,274008,114817,95375,207773,73337,108298,87005,129829,94494,93113,271353,354249,191324,123763,117870,382005,78579,116537,56144,60956,83219,44856,110056,97407,62436,100129,148964,71958,62204,157969,147507,148564,122265,91753,170193,124470,166823,168118,106583,98493,114881,453745,168819,141553,172205,119495,85616,76140,15477,27032,62413,150957,94237,110799,76493,163834,28881,7493,107523,49504,98107,55636,57068,52980,38494,30462,27830,37097,65948,33875,92774,42364,154321,42992,85448,66721,30213,70561,67681,43406,26912,73563,62646,52541,99455,57590
2021,10,107136,105405,162408,175116,117640,297998,123178,103681,225449,79635,119669,95075,141235,100154,100726,303842,391517,206696,124592,130150,440449,85303,132945,65396,68796,92353,51658,119945,103998,68466,108886,167188,82230,69883,173133,171877,189375,135345,99505,189737,138135,180672,193430,116884,107296,129082,501256,182303,156712,188650,129713,94866,82606,17086,32663,69258,165508,104299,119800,85063,176423,30905,10044,118368,54616,107762,61472,61446,57318,40887,32872,31480,40212,67900,36855,102322,45915,176558,49110,95351,72343,33759,78153,73523,48524,30070,79369,71987,58093,107167,61069
2021,11,108680,106682,170206,184684,121383,310393,125555,105425,227787,82127,120214,97445,150391,103864,104501,315305,404576,209290,131125,136685,459328,88190,137202,65445,69334,95857,52314,122832,106490,71166,113393,178612,76326,71723,176350,192054,223290,144335,105025,200357,147855,185708,201019,120863,110538,135349,535174,194303,168424,206158,135509,100829,86476,17643,25707,73690,175719,110947,125603,90752,221683,31810,9538,123470,55413,109375,66670,63716,57952,42321,34314,31983,40757,68615,38266,106366,45928,171672,51873,97771,73617,33844,77695,76532,49848,31162,81298,72364,59157,109326,62098
2021,12,107047,104406,163260,184285,121388,309673,123692,105614,219397,79875,119535,95065,140920,103104,101784,314718,411078,203110,121868,131111,449559,86843,128093,60942,66126,92397,49436,122234,101598,69119,113368,164118,66474,71556,176161,172592,189323,142990,101859,193649,143885,182495,190080,118354,108146,129325,525286,193219,163735,202619,132059,96130,83329,16919,15288,70623,167400,107385,120889,86838,180976,29105,8931,121205,53385,107632,62579,61056,56535,42187,33904,32289,39705,65683,36701,103938,41781,160276,49815,93471,73261,33618,74286,75183,47805,29764,80435,71372,56816,104527,58776
2022,1,97854,97304,142670,176713,114202,284028,109868,97653,212064,76873,110061,88479,122285,91370,89008,306692,394864,196111,126000,118407,419343,78870,117540,56993,61335,85658,44546,110774,95200,62051,100606,136518,65084,64707,157974,139243,140929,132041,93865,174310,132273,168847,172860,108875,101129,122240,500867,175439,145371,185200,126134,88327,66447,14560,13725,65271,156724,99634,113172,76920,141381,27682,8202,111893,47993,101757,50345,57535,53388,41891,31521,30778,38298,66245,34059,95703,42219,157623,45216,75471,63415,32537,70645,69412,43120,26694,74153,62323,52945,98973,55341
2022,2,84037,79357,96772,164255,95092,234487,92400,83476,168607,64494,91778,74862,103896,76478,75964,254179,325777,154882,93848,100221,362393,66032,101081,51231,51878,72126,36589,93959,80738,53107,85935,119122,56031,54704,134118,119164,121329,111593,77874,144383,112697,141558,144011,93104,84245,96901,405650,149345,123891,155004,105227,75330,56814,12237,11853,55026,129440,81950,94537,63301,125029,24307,6688,91873,39525,83393,41787,47890,43805,32042,25907,25060,31642,53274,28793,79114,35463,114385,38779,62854,53583,26318,58236,59417,35816,21706,63159,51647,44760,81100,46261
2022,3,101347,99215,113282,200362,112386,285764,115881,97495,200813,74386,112366,89977,143587,99218,96027,280409,355846,188095,117263,126162,385717,82371,122328,62322,61544,86171,45560,111860,97398,66168,104839,175026,71153,66631,163210,186151,219499,133767,98937,182830,140098,175681,180297,111688,104815,125575,474267,178546,154751,186176,128489,97380,85234,15691,16397,68093,161916,103343,114319,82413,279753,29621,9561,114391,52765,102705,59343,59109,54147,39408,31733,29679,37442,64398,34528,97798,43016,150196,48927,93640,70962,33190,70819,71030,43427,26304,76821,64500,54276,98256,54258
2022,4,109839,105686,120687,212315,118367,302950,123526,101408,218764,77336,117219,95329,147711,102170,100799,306162,384003,206892,122187,133144,430879,85584,133627,71807,65637,92587,48924,120440,102369,70336,110690,183968,80493,70635,175102,187083,216421,141425,103083,193991,147818,182837,208736,118587,113557,134545,509784,193448,166065,199145,136375,100215,89745,17350,45399,72975,173479,109458,123139,88534,270377,32354,10577,123470,56507,108912,62689,62326,58841,41662,33543,31489,40384,68788,36403,105520,47249,169763,53029,98094,75616,39770,76538,75902,47980,30052,81026,80836,57183,104313,60364
2022,5,119264,117775,133898,236287,129246,340169,132818,109970,242376,87631,125524,103583,162693,108801,109383,351346,462352,226118,131199,145595,505776,92799,142137,69790,72406,100486,52985,134296,112583,77402,121903,204965,85979,77727,198435,200362,258790,156484,114424,219766,161596,200846,228726,126435,125599,148214,601140,212198,182296,217705,148702,111077,97055,19146,68102,81796,192657,120731,138153,99555,324428,34634,11802,139196,61214,117079,67399,68405,62611,44163,35724,33598,44229,73380,39473,116204,52656,193998,59067,104739,80998,45859,83744,82361,52052,34123,88977,81548,62869,115419,65945
2022,6,113926,112011,126074,221985,122119,313647,126365,104930,225635,82406,119233,97964,145050,105212,102539,333831,429323,209463,123985,138186,471090,89084,133133,65000,68835,98050,51820,128084,108601,72035,115447,174610,83664,75490,185050,176560,186492,147595,103295,206258,151318,189478,200581,120905,118640,135840,534413,198529,167483,204317,141437,102721,87229,17635,46180,75306,178860,110717,127427,87989,213568,33535,10711,130427,56864,111384,58836,62909,58947,42194,33886,32223,41909,70892,37839,107344,48892,185812,55224,97584,77579,44328,79086,80074,49953,33090,85354,73113,60287,110497,65726
2022,7,114398,110452,124367,225211,121109,314559,123872,105497,225409,83777,116579,95111,132957,108117,99075,358242,484921,210301,124847,135586,502390,86979,131827,61519,69547,98372,50246,131093,108467,69977,116309,158571,83379,78510,182529,153314,149032,146610,101776,206734,148622,186526,221641,122145,116198,128855,569500,197263,162726,203909,139301,99654,81231,17126,46151,74444,174497,111313,125036,83623,162564,34814,10286,131524,54134,110883,55009,60395,57262,40987,33836,32491,41202,70298,37704,107109,48773,182719,52949,89607,73416,43810,80663,79388,48188,32165,84207,68943,60087,111763,66698
2022,8,106192,100939,115465,211810,114990,295136,115353,100793,215146,78986,110943,89507,130093,103607,91427,333821,449468,204549,122768,125199,475459,83777,121673,57780,64351,92452,48300,122245,103096,65717,108054,154650,79303,73951,169558,148273,139487,136574,93336,190071,141435,175195,181057,116172,109182,121515,519876,187683,152235,191693,129202,93491,74821,16006,42213,68077,164655,102188,117052,78453,153915,32377,8943,122405,50084,103130,53433,57125,54708,38995,31675,31182,39118,69020,35422,99444,46234,168510,49923,83372,69304,40449,76226,73739,46006,30100,81438,65723,55700,105813,62417
2022,9,111261,108274,121687,221399,118981,306503,121174,101322,225879,82379,116470,93737,145490,111374,96657,319254,428032,208530,129918,134355,473674,87101,128893,63269,67761,94105,48539,123749,107418,70749,110917,185850,78272,76943,177595,181595,201743,141933,101402,201355,148048,183562,191982,122275,115799,131628,533118,193955,165532,198720,135040,101385,87155,16521,64242,72646,178126,109981,123174,88216,266656,32267,9837,126438,54528,107662,65708,62525,57538,41895,32944,33017,41401,71651,36115,105034,48614,168318,53833,95373,75173,41464,78142,76305,48966,31663,82832,88525,56680,108302,63706
2022,10,119937,116238,132452,236175,127061,323347,127777,106488,243007,91800,125288,100192,154165,116356,102456,350761,460264,223460,130633,144081,520185,92181,141859,71798,73279,100193,53524,133646,114606,76647,118277,196975,85270,82639,190661,182970,204917,148988,107469,218814,160270,192015,210706,132688,122455,142242,571752,204162,174267,209324,143235,106737,92770,17531,36935,77809,188993,115929,131578,95217,256586,33403,10641,133589,58353,114796,68075,67332,61668,44943,35767,34686,43553,73628,38328,113252,53808,191150,58055,100371,78146,45766,82290,79781,52421,35347,88645,82296,62006,115355,68399
2022,11,117794,114840,133852,234315,126776,323572,128994,106115,235198,94237,124247,100195,156563,115332,101420,333182,431631,216518,130854,145923,499043,92907,141812,69075,72261,101550,52191,129174,115087,77564,122252,201284,76050,82181,189479,191573,219058,150365,107029,213459,164976,190918,202291,132079,123059,143084,551130,211858,176978,215995,144446,109547,93894,17345,22619,80722,188582,118260,130953,96373,277188,33880,10438,130920,58387,114857,70493,67414,60295,44009,35811,34099,42863,73116,38291,114885,50340,178422,58884,101153,78861,45301,79996,81048,52481,35484,89115,73767,60925,112737,67042
2022,12,117208,115659,128366,237977,127786,332458,128788,107704,230562,94189,124993,98584,145226,112623,98721,371667,501882,219629,124126,142578,532799,92687,137082,65187,71787,100843,52381,130479,110258,76345,123344,177320,71228,83400,190930,179356,192921,155488,106411,211597,169979,192192,199586,134568,121229,139897,608838,212329,177157,220744,144683,105895,89088,16335,18002,77644,185623,116192,129954,91716,217198,31065,10325,134016,56042,112638,65337,65002,58253,44513,35691,40632,41988,70508,37616,113048,46207,179727,55131,94490,75297,44442,78007,79745,52719,34964,88254,76850,60374,111018,65708
2023,1,106499,106522,116036,216675,117335,299812,112427,99931,217655,89281,112424,89976,129257,97552,86983,350893,470484,204632,119580,126319,495205,82118,123764,57112,61873,92147,46144,117050,98104,67882,109301,142594,67955,75875,171535,143717,140658,139215,94612,184662,151898,174529,176685,119479,109727,125410,560330,193953,153263,195905,140327,94737,70648,14051,14931,68745,167506,101773,118187,79333,148871,30188,8666,120255,48871,102955,50669,58344,52001,41681,31563,31173,38814,67421,33855,99970,43343,161390,48618,76664,62940,40415,71933,71692,45962,29883,80137,64158,54937,101579,60391
2023,2,108321,101881,117144,215874,117900,300277,114336,100141,215438,89341,113964,91124,131471,97906,92972,354362,462520,197005,117235,129799,498174,82890,128271,61393,63700,96304,47829,117512,101761,70669,109807,150217,76340,77113,173821,145707,145063,142162,96030,191417,158108,175782,185368,123720,114853,129957,559947,197801,156223,201136,142973,97836,74441,15200,16375,71086,168580,103668,118868,80942,152102,30928,9794,120697,51183,102980,51236,60088,52697,41369,31967,31300,39137,66496,35428,102174,44323,167119,50947,78343,64966,41867,73224,74143,47243,30826,83031,68045,55916,102498,64852
2023,3,128914,126770,134771,247998,136136,350991,135355,112463,244199,101573,132080,105771,173512,124396,110957,369116,467213,229938,135697,156820,518807,100294,153084,78786,72715,106752,55450,136653,119543,83067,125974,210272,89855,90585,204524,210835,237694,161371,115778,232554,181816,209968,224337,144156,136990,163233,605031,229233,189916,232662,165335,118191,104405,18501,30724,85330,198783,126070,138150,101985,321254,36897,12282,140462,64433,118819,77351,72321,62308,47374,38172,34631,44717,76837,41133,121957,53249,198735,64189,108817,83107,48338,84038,85090,54313,35627,95183,88586,64225,120293,73209
2023,4,121800,119156,128891,235342,128391,329029,131501,106812,235721,97619,126631,100659,163497,120206,102224,355237,440213,223207,130794,148124,510839,96302,144342,73238,71666,103901,53385,129369,115381,78420,118460,195281,85162,90058,194108,193403,214577,151885,109927,222307,171836,197506,207744,137692,129805,155082,565198,220912,180767,220126,155067,113146,98599,17826,64250,81725,187569,117526,131622,96470,278859,35304,12138,132696,60340,111824,71197,67862,59814,43854,36664,33140,42902,74151,39129,116083,51826,194490,63099,100598,78019,48201,81901,81233,51178,35932,90315,83328,61472,115292,70354
2023,5,126760,122824,133878,243716,136832,343265,133335,110916,239456,104358,128947,102773,170738,122522,104630,373687,486151,228436,131070,152744,536793,99204,145528,69034,74153,104376,54562,136554,117334,80747,122666,205389,81486,97263,200184,202836,230315,157845,114776,227245,176047,206686,213283,139010,132313,156898,614280,224545,185184,226868,158275,115921,101342,18770,77471,84010,196434,121332,134722,102137,311139,35307,12510,138852,61956,116365,72038,70316,61449,44749,38045,33883,43617,76061,39323,118142,54090,200748,64936,105143,78657,48783,83045,81748,52095,36449,91349,80423,63887,117688,70389
2023,6,122728,116419,127605,229366,128757,323126,128150,106433,225271,98193,120654,96930,154125,116172,97921,356300,448547,213263,126453,142709,500530,95791,137902,67920,71950,101301,52916,127960,111643,75421,117981,176318,81538,96500,194759,182438,190409,152431,104684,217991,167899,196809,198315,131634,125546,148784,560294,216298,174694,217240,152075,108864,92150,17300,57017,78624,183663,111065,126810,91859,224563,33878,11462,131830,59341,112253,62822,64717,58933,42512,35587,33224,41270,73710,37893,114063,51967,192023,62982,98236,75205,47345,82738,81305,50443,35524,88089,79838,63066,112235,69123
2023,7,118889,111276,122753,222969,122978,311665,121229,104382,215983,94666,113239,91922,139906,108427,94962,370760,476501,198690,117580,133026,510915,89460,129752,61764,66788,97447,50850,124988,105919,72474,115218,159415,81403,93236,185936,157782,153865,142587,97404,205310,163426,182946,186064,126626,116571,135374,576494,204786,163312,207604,146045,101870,80973,15354,42600,73615,172675,105727,119833,85402,162503,34004,9595,133120,53496,107099,54474,61384,56930,39929,34084,32599,39373,71569,38435,106846,54341,183424,60055,87508,71239,44414,79763,79339,46827,33191,83252,68288,59896,111095,66843
2023,8,116615,109567,117305,216734,118021,302159,116845,101856,210932,92141,109903,87837,141150,106406,92138,363067,459855,202102,117283,127931,502972,86452,125358,59248,65113,95615,49841,121623,103869,69877,110889,156328,82473,91835,179852,154012,139974,134670,93565,201398,158518,178129,190919,122843,112529,127432,547004,198562,159050,199665,141698,99555,78985,15020,69224,70157,165548,101767,116668,84250,157846,33930,8729,128555,52024,102403,53262,59131,55091,39100,31750,30950,37900,69686,36900,101969,56932,171990,57974,84071,68842,42685,76205,78155,44869,31394,79837,66389,58220,108740,65612
2023,9,117856,114297,122200,223374,120140,307473,120073,100133,220421,92670,113008,90643,150872,113368,93265,341474,433569,216038,128459,136242,495218,89330,127819,62684,67692,97255,50352,120864,107525,73420,110768,186527,79276,94563,185039,182721,196529,137967,98118,208813,164023,188713,200015,125469,115404,141909,551777,203083,169089,204271,145917,106549,89246,15574,59478,72766,173986,109456,120841,92288,260985,32931,9034,129587,55486,105836,64866,63941,57298,41881,33704,32912,38286,72908,41335,107786,62716,177140,62234,94265,73234,44691,79654,80645,47941,32760,81662,85079,60077,108199,65297
2023,10,124405,120537,131743,237009,127680,328372,125688,106033,230384,97322,122018,96808,161667,116691,99025,364768,467300,219710,124325,144325,542639,95111,141615,70437,72755,104854,53259,129086,113271,78729,118094,197795,85429,99534,197378,189610,203469,148611,104456,216598,176651,192854,210489,134487,122151,153506,583463,213940,174929,214915,151081,110854,93963,16694,39441,77078,183314,115502,129129,98118,256100,35983,11213,139502,59734,113341,68451,67806,61005,44095,36719,40881,42905,75332,47744,114153,68687,201559,67394,98972,77942,47605,84266,84468,51137,36064,87633,85150,64938,113670,69823
2023,11,123916,119246,131546,236502,128482,325368,126972,105379,222923,98233,119959,96022,164378,118927,98738,358617,446091,216351,129124,147878,521289,94032,138473,65914,73411,104837,53816,127775,113657,81182,119178,202193,75363,98374,194711,198236,212437,148745,104324,213337,178889,195344,197343,132504,122913,152498,584110,219167,180109,222074,151330,113319,95916,16909,24236,79724,184882,117053,129235,99031,272976,34907,10651,136255,58966,111686,70010,67747,59376,43515,36388,36112,40757,73087,47958,114228,67106,185826,67949,99533,78350,47414,82378,84820,50972,35615,87280,73471,64111,112583,68809
2023,12,123361,116070,127658,237974,128130,331320,126621,104771,221532,98601,119231,95520,152723,113821,96340,398000,523832,216041,125115,143720,558900,92563,133526,64288,71742,101079,57008,129786,107668,77777,117177,176443,75410,99319,195980,176832,189893,150652,102107,208285,186500,193262,198633,133571,120894,144977,639418,217240,176419,219524,146873,105921,90430,15807,19366,76100,179743,114851,127326,92935,220203,32267,10786,140892,57246,110703,63726,65665,57555,44551,36018,33584,39737,70331,48364,112820,64410,184801,64706,92562,74296,47845,83463,83438,51166,35069,86116,80008,62710,109467,67135
2024,1,117837,113178,124272,227777,124202,312035,118131,104111,214439,101249,114457,92627,151446,105958,90858,379002,479628,214964,115987,136331,515024,89746,129639,61128,68441,97234,53909,119084,104084,73234,112599,156216,74577,95443,187137,159678,160212,145535,97599,200344,180287,186671,191078,128229,116551,143879,590759,217115,170075,219890,153579,103846,77146,15369,16529,74371,174359,112220,123874,85143,158765,34053,9799,132976,54184,108843,54849,63268,55188,44018,35528,34030,39178,69926,48144,110351,64349,176715,62492,79948,66407,45414,82438,84829,49165,32287,83732,69688,61238,106580,67235
2024,2,111467,98717,116013,213138,115700,293237,109131,97778,204505,94230,105657,84982,136995,96160,83981,359281,470034,200558,111650,126932,520923,82369,119432,57245,63170,90497,48514,113349,96999,69692,106275,147899,71229,86799,173341,141685,140097,133920,91639,181058,164859,171564,173122,117767,106075,127129,564436,196898,156232,196706,138100,94377,72593,13789,14900,67551,162168,103919,113340,78203,148783,31462,8544,124695,49856,100578,49216,59000,51605,40121,32359,30775,36506,67690,44154,98670,59280,155262,57389,72709,60264,42681,72443,75346,44402,29256,77510,64867,56647,97882,61003
2024,3,132814,122288,132768,243287,133226,334854,129690,108307,227945,113439,122917,98581,170655,121772,102728,386113,478852,226233,123631,153213,534216,96612,141842,73331,74506,104276,58186,130592,113559,82853,120814,202901,86830,101019,200093,195436,223578,150180,107171,220344,193391,201340,211765,136499,127892,159522,619876,221364,185333,232163,162085,116470,99638,16565,55585,80411,186072,124726,131229,99448,297578,33411,10625,142712,61104,115717,71731,68923,61061,44479,37612,33047,40115,73855,50997,115864,74960,193014,69223,100609,78809,48628,85041,86515,52103,34565,89392,82175,66774,112198,69482
2024,4,131188,121285,131212,238101,130590,324909,129359,106754,230095,114524,121185,97445,169982,122285,100069,363211,432975,224873,125721,152068,512300,96777,144144,79109,73399,104707,58383,128772,113956,81513,120661,200775,85699,100531,197981,194083,219420,149451,105249,218265,192905,199159,212922,134514,126617,161099,573517,222154,186242,236112,162675,114897,100412,17260,70827,80174,185422,123222,130872,98986,280078,34402,11443,138540,61891,115125,71686,68593,60536,43727,36821,33501,40316,74388,52193,118909,75294,198243,69860,99364,78707,49157,86047,84920,52595,35999,88943,89598,66360,113976,69808
2024,5,136185,125477,136473,252154,137640,342382,133388,110625,241372,124026,124437,98970,174891,125333,104146,390944,499699,234001,128172,155105,557706,99915,145724,72518,74873,105961,58346,134565,116718,85111,124227,207919,85983,104346,210477,196547,219437,154010,112970,230056,201571,207903,222068,136141,128640,167473,647270,226228,189626,243594,166130,118148,103311,17519,123349,83170,195821,128958,135057,106002,309142,35953,11570,147431,62760,118580,72725,70506,62656,45198,38024,34285,41532,75836,53854,124040,78638,213942,71905,101818,79934,49422,87600,86813,53389,37352,92353,83197,67626,117495,71447
2024,6,120970,112821,123024,226539,123648,307756,121360,103583,220480,114381,113347,91068,153734,112403,96359,362143,442902,211779,116457,140748,502567,92418,129243,64962,67587,98267,54311,121477,105163,75837,113261,171844,81864,96372,192332,175049,190345,140832,97674,207319,184020,185364,190657,123645,117457,145405,566173,205621,171488,220089,153575,107022,88891,15582,80152,74503,174183,113712,122176,92190,224339,33222,10392,134572,57899,109964,59916,63065,57649,41119,34108,32008,37928,70025,50010,112212,74824,196623,64785,91763,72414,45677,80959,81269,48729,33888,84060,77866,61795,108357,66779
2024,7,123737,115799,125662,236161,127352,317424,124361,107129,225832,118993,113677,92639,149764,110792,95672,395827,480808,213021,118200,142359,519852,94033,130930,62883,69384,99130,54116,128699,107437,77047,120818,165340,84686,98018,197148,162868,151916,144279,100702,212767,189219,190799,211014,126030,117419,144250,609361,213076,174629,231237,158910,108941,85743,15721,97247,77289,176614,116710,124129,91707,165451,34656,9552,138286,57287,111827,55686,62894,58844,41505,34789,34037,38262,71426,52236,114171,75530,193225,66033,90338,70942,46153,86786,84504,49237,32919,88004,68471,64021,113958,69039
2024,8,117759,110833,116438,220978,119148,293938,115111,99874,218516,100693,107645,85179,134647,103976,88672,382751,466669,209428,111860,129882,528102,86959,121708,59039,65023,93606,51080,121279,101788,73222,113328,156683,85228,91541,183910,146973,139151,130896,90424,195852,177048,176457,181477,117620,107563,129121,575089,193948,161363,211159,149516,102264,78883,14322,108448,69892,165603,108445,115188,86210,158567,31966,8818,130881,51701,103835,51716,59789,54292,38775,31758,31349,35696,68088,48237,102460,71651,176558,60249,81424,66041,42910,82204,78188,44654,30731,80821,64086,59722,107174,65918
2024,9,114286,110407,115810,220443,118184,292450,113945,96886,218964,106230,106030,84961,145378,108550,88729,345103,435229,211258,117535,133390,502594,85622,121322,60107,66880,92718,49674,116906,102748,78818,109021,178097,79670,90197,180666,172069,191993,129658,92672,193931,175247,177910,177431,117810,110107,134195,557484,193150,162867,207316,146259,104263,84672,14406,82101,70402,165356,109580,116335,91681,248639,30310,9263,130948,53008,103422,60159,61013,55165,39846,31405,31056,35243,68901,47226,102036,75544,170575,61352,89251,67048,43397,79573,76104,45470,30759,79411,78277,59387,104992,63379
2024,10,122343,120424,128272,239572,131379,317302,123289,105373,235636,118485,116503,93401,165331,115402,99128,369471,449710,223586,119936,145828,532287,94920,135129,68699,74370,101473,55572,128541,111919,85391,120109,194432,86224,98639,200780,184850,198345,145019,103211,213694,193609,193451,201948,128768,120667,153766,592965,213070,177623,233727,157255,114637,92451,15586,66858,77923,181735,120515,128930,99377,258550,35452,10810,140125,59290,114108,66238,66718,59944,44192,35437,38378,42111,72428,53143,113508,83290,204167,69416,97244,75826,48227,90492,84459,52629,34517,88721,77142,66492,111998,68296
2024,11,123269,119589,131729,241115,130771,316878,123819,103706,232908,117726,116823,92938,164825,115995,97682,368296,450161,225560,122832,146637,545226,94731,134471,67672,74723,101153,55076,127292,111052,84037,120465,199939,79246,97936,198510,186787,205428,147203,102963,214053,196659,193024,198488,127413,119990,152470,600770,219159,179272,235370,157324,112754,93421,15820,23080,77589,180218,122666,126769,98452,265299,33680,10698,138655,58140,112162,66541,65839,59377,44728,34924,34416,38843,70850,52326,114763,83913,192440,69515,97091,74328,48994,87914,84345,52942,35571,87335,76306,64778,110327,68643
